id,descricao,data,valor,categoria,veiculo_id
2396a2d5881180f3ba31c8c5d170fcb7,Sascar,2025-07-21,544.23,SASCAR RASTREAMENTO,809e3a0391cb4d44a91d360e71c9cc12
2396a2d5881180bab9c6f5a9d45023d2,Sascar,2025-07-21,544.23,SASCAR RASTREAMENTO,97ad475571fa43128b59e86abdbc9cf3
2396a2d5881180038edce4159c0a9d0e,Brasil Transportes - Frota (1),2025-07-20,3225.0,SEGURO,809e3a0391cb4d44a91d360e71c9cc12
2396a2d58811800f9577f9f1d16e82bf,Brasil Transportes - Frota,2025-07-20,3225.0,SEGURO,97ad475571fa43128b59e86abdbc9cf3
2326a2d58811805daa67e96a913e8984,Borracharia Sergipe,2025-07-14,130.0,BORRACHARIA,97ad475571fa43128b59e86abdbc9cf3
2326a2d5881180558b35d791ec92312b,Borracharia Sergipe,2025-07-14,170.0,BORRACHARIA,97ad475571fa43128b59e86abdbc9cf3
2316a2d588118018b885db2543cc5a53,Duas Rodas,2025-07-10,1700.0,ACESSORIOS,809e3a0391cb4d44a91d360e71c9cc12
2316a2d58811808fb1a5eb329fdd7da0,Sem Parar,2025-07-10,57.65,PEDAGIO,809e3a0391cb4d44a91d360e71c9cc12
2316a2d5881180ad9f5bfbf7eee8e312,Sem Parar,2025-07-10,611.08,PEDAGIO,97ad475571fa43128b59e86abdbc9cf3
2316a2d58811806ab008ff328ffe4ae4,Troca dos Parafusos de Fixação da Eca e etc.,2025-07-05,80.0,MECANICO,809e3a0391cb4d44a91d360e71c9cc12
2226a2d5881180509742fbd2ddfeb7bd,Lona,2025-06-25,208.5,DIVERSOS,809e3a0391cb4d44a91d360e71c9cc12
2226a2d5881180b6b0c3c3b2eda69a8f,Cordas,2025-06-25,137.4,DIVERSOS,97ad475571fa43128b59e86abdbc9cf3
2226a2d58811802f81d5d226b1cc9be5,Sascar,2025-06-20,544.23,SASCAR RASTREAMENTO,97ad475571fa43128b59e86abdbc9cf3
2226a2d58811806eb8c5d8b696a3ca53,Sascar,2025-06-20,544.23,SASCAR RASTREAMENTO,809e3a0391cb4d44a91d360e71c9cc12
2226a2d5881180c88070ce60b322d1eb,Brasil Transportes - Frota,2025-06-20,3225.0,SEGURO,809e3a0391cb4d44a91d360e71c9cc12
2226a2d5881180299e0df3d315e080a8,Brasil Transportes - Frota,2025-06-20,3225.0,SEGURO,97ad475571fa43128b59e86abdbc9cf3
2156a2d5881180d98304da8fd535a546,Barbosa Acessórios,2025-06-17,1720.0,ACESSORIOS,97ad475571fa43128b59e86abdbc9cf3
2156a2d5881180ebba03c8ae752f3bfa,Pix: Isaias Ferreira,2025-06-14,400.0,DIVERSOS,97ad475571fa43128b59e86abdbc9cf3
2156a2d5881180b8b499fd6e6f430be4,Cordas e Cadeado,2025-06-12,137.4,DIVERSOS,97ad475571fa43128b59e86abdbc9cf3
2156a2d58811801cbd62d6951e9b4ba9,Sem Parar,2025-06-10,1321.06,PEDAGIO,97ad475571fa43128b59e86abdbc9cf3
2156a2d588118057b6cacf0aec4f82fb,Sem Parar,2025-06-10,57.65,PEDAGIO,809e3a0391cb4d44a91d360e71c9cc12
2086a2d588118023af7ec018686c57c3,Movesa 2/2,2025-05-30,579.49,MANUTENCAO,809e3a0391cb4d44a91d360e71c9cc12
1ff6a2d5881180088fc7c4890ba07199,Max Auto Montagem: Ponteira do Parachoque,2025-05-21,75.0,MANUTENCAO,97ad475571fa43128b59e86abdbc9cf3
1ff6a2d5881180c4a449c6fa939ab9be,Sascar,2025-05-20,542.17,SASCAR RASTREAMENTO,809e3a0391cb4d44a91d360e71c9cc12
1ff6a2d588118021af1fd7e726aa89af,Sascar,2025-05-20,542.17,SASCAR RASTREAMENTO,97ad475571fa43128b59e86abdbc9cf3
1ff6a2d5881180cda296d24592256f05,Brasil Transportes - Frota,2025-05-20,3225.0,SEGURO,97ad475571fa43128b59e86abdbc9cf3
1ff6a2d588118058b96ed4753dfe5221,Brasil Transportes - Frota,2025-05-20,3225.0,SEGURO,809e3a0391cb4d44a91d360e71c9cc12
1ff6a2d58811806eb61dedf32aeb4a31,Codigo de Segurança,2025-05-13,200.0,DIVERSOS,809e3a0391cb4d44a91d360e71c9cc12
1fc6a2d58811801fa783fef8cd105c57,Scanrick: Freio do Reboque,2025-05-06,100.0,MANUTENCAO,97ad475571fa43128b59e86abdbc9cf3
1e76a2d58811802d9dddef531ba9e827,Detetização,2025-04-04,60.0,DIVERSOS,809e3a0391cb4d44a91d360e71c9cc12
1e76a2d5881180f09ba9fb4af33fb015,Mecanica Força Jovem,2025-04-26,574.0,MANUTENCAO,809e3a0391cb4d44a91d360e71c9cc12
1e76a2d588118083afb6cdfdfc968d3c,Scanrick,2025-04-26,500.0,MANUTENCAO,809e3a0391cb4d44a91d360e71c9cc12
1dd6a2d58811806384e0ef0c6d63ee10,Brasil Transportes - Frota,2025-04-20,3225.0,SEGURO,97ad475571fa43128b59e86abdbc9cf3
1dd6a2d5881180fc93acdb79bc90da11,Brasil Transportes - Frota,2025-04-20,3225.0,SEGURO,809e3a0391cb4d44a91d360e71c9cc12
1dd6a2d5881180be9350ddb93d17f89b,Sascar,2025-04-22,542.17,SASCAR RASTREAMENTO,809e3a0391cb4d44a91d360e71c9cc12
1dd6a2d58811805cad34c949b5ff8c1d,Sascar,2025-04-22,542.17,SASCAR RASTREAMENTO,97ad475571fa43128b59e86abdbc9cf3
1d06a2d5881180cc99b5da0027799d3b,Barbosa Acessórios,2025-04-07,60.0,DIVERSOS,97ad475571fa43128b59e86abdbc9cf3
1d06a2d588118015b8e8d7ad31f550a0,Barbosa Acessórios,2025-04-07,500.0,DIVERSOS,809e3a0391cb4d44a91d360e71c9cc12
1d06a2d588118040be33d9044a47846c,Pix: Carregamento,2025-04-05,133.0,DIVERSOS,809e3a0391cb4d44a91d360e71c9cc12
1c26a2d588118099bbdbf0d009bc2ffc,Scania Latin America,2025-03-25,1860.16,PLANO MANUTENCAO,809e3a0391cb4d44a91d360e71c9cc12
1c26a2d58811808fb52fe48eecafd691,Detetização,2025-03-21,60.0,DIVERSOS,97ad475571fa43128b59e86abdbc9cf3
1c26a2d5881180eead3ad53791ad2877,Brasil Transportes - Frota,2025-03-20,3225.0,SEGURO,809e3a0391cb4d44a91d360e71c9cc12
1c26a2d5881180ca8d9cee44f3e59f54,Brasil Transportes - Frota,2025-03-20,3225.0,SEGURO,97ad475571fa43128b59e86abdbc9cf3
1c26a2d5881180968df0d14454a9cfdf,Sascar,2025-03-20,542.17,SASCAR RASTREAMENTO,97ad475571fa43128b59e86abdbc9cf3
1c26a2d588118092bf29f2a670051ba8,Sascar,2025-03-20,542.17,SASCAR RASTREAMENTO,809e3a0391cb4d44a91d360e71c9cc12
1ba6a2d588118074b615fb3b4708523c,Center Peças Valença,2025-03-17,420.0,MANUTENCAO,97ad475571fa43128b59e86abdbc9cf3
1b46a2d5881180c79c03f92d5e5e4237,Sem Parar,2025-03-10,57.65,PEDAGIO,809e3a0391cb4d44a91d360e71c9cc12
1b46a2d5881180d1b208f9e977614d8e,Sem Parar,2025-03-10,52.9,PEDAGIO,97ad475571fa43128b59e86abdbc9cf3
1ae6a2d5881180b59a40f045d977635b,Corda e Lona,2025-03-05,222.0,DIVERSOS,97ad475571fa43128b59e86abdbc9cf3
1ae6a2d588118024a10dc4625594bfd2,Comissão Mateus,2025-03-01,300.0,DIVERSOS,97ad475571fa43128b59e86abdbc9cf3
1ae6a2d5881180a882a5d03ab1468a5b,Gratificação M.Cunha,2025-02-28,250.0,DIVERSOS,97ad475571fa43128b59e86abdbc9cf3
1a66a2d5881180fca90dcbd351a62007,Sascar,2025-02-20,542.17,SASCAR RASTREAMENTO,809e3a0391cb4d44a91d360e71c9cc12
1a66a2d5881180f5941ec47317bd50cf,Sascar,2025-02-20,542.17,SASCAR RASTREAMENTO,97ad475571fa43128b59e86abdbc9cf3
1986a2d58811800da836f4018560381f,Corda e Lona,2025-02-10,255.9,DIVERSOS,809e3a0391cb4d44a91d360e71c9cc12
1986a2d5881180df8ae4c2240197be75,Sem Parar,2025-02-10,57.65,PEDAGIO,809e3a0391cb4d44a91d360e71c9cc12
1986a2d588118046a355e1f1fe845389,Sem Parar,2025-02-10,52.9,PEDAGIO,97ad475571fa43128b59e86abdbc9cf3
1916a2d5881180a4a178f40e45bc8dec,Pirelli Borrachudo,2025-01-31,7200.0,PNEU,809e3a0391cb4d44a91d360e71c9cc12
1916a2d588118024b938fa2e26874591,Borracharia,2025-01-31,120.0,BORRACHARIA,809e3a0391cb4d44a91d360e71c9cc12
1916a2d5881180f99380f97f00abb631,Borracharia,2025-01-31,180.0,BORRACHARIA,97ad475571fa43128b59e86abdbc9cf3
1916a2d5881180579ac1cb225662af42,Scania Latin America,2025-01-27,2040.87,PLANO MANUTENCAO,809e3a0391cb4d44a91d360e71c9cc12
1916a2d58811806b82c5cb239656ee75,Brasil Transportes,2025-01-24,747.0,SEGURO,809e3a0391cb4d44a91d360e71c9cc12
1886a2d588118082b7aadd4b13b6c10a,Paulo Sergio ,2025-12-31,3000.0,SALARIO MOTORISTA,809e3a0391cb4d44a91d360e71c9cc12
1886a2d588118015a182dd1e98e30df7,José Helio,2025-12-31,3000.0,SALARIO MOTORISTA,97ad475571fa43128b59e86abdbc9cf3
1886a2d5881180998124ff898aff0d98,Paulo Sergio ,2025-11-30,3000.0,SALARIO MOTORISTA,809e3a0391cb4d44a91d360e71c9cc12
1886a2d58811809db3b5f9461c2cade6,José Helio,2025-11-30,3000.0,SALARIO MOTORISTA,97ad475571fa43128b59e86abdbc9cf3
1886a2d58811808eb4fbe9176403bb91,Paulo Sergio ,2025-10-31,3000.0,SALARIO MOTORISTA,809e3a0391cb4d44a91d360e71c9cc12
1886a2d58811804e85ecf651279e5361,José Helio,2025-10-31,3000.0,SALARIO MOTORISTA,97ad475571fa43128b59e86abdbc9cf3
1886a2d5881180c6ad56c6ec9f646f98,Paulo Sergio ,2025-09-30,3000.0,SALARIO MOTORISTA,809e3a0391cb4d44a91d360e71c9cc12
1886a2d5881180a18e1ff24bd673749c,José Helio,2025-09-30,3000.0,SALARIO MOTORISTA,97ad475571fa43128b59e86abdbc9cf3
1886a2d588118004a7e0d28668521a75,Paulo Sergio ,2025-07-31,3000.0,SALARIO MOTORISTA,809e3a0391cb4d44a91d360e71c9cc12
1886a2d58811802b84cddee8219649a1,Paulo Sergio,2025-07-31,3300.0,SALARIO MOTORISTA,97ad475571fa43128b59e86abdbc9cf3
1886a2d5881180e5809dfaf6a66af48f,Paulo Sergio ,2025-06-30,3300.0,SALARIO MOTORISTA,809e3a0391cb4d44a91d360e71c9cc12
1886a2d5881180fa809ce0104298fdcd,Paulo Sergio,2025-06-30,3300.0,SALARIO MOTORISTA,97ad475571fa43128b59e86abdbc9cf3
1886a2d5881180d1a1f1fa5ca1a674c1,Paulo Sergio ,2025-05-31,3300.0,SALARIO MOTORISTA,809e3a0391cb4d44a91d360e71c9cc12
1886a2d5881180f9a039eddb5483436d,José Helio,2025-05-31,3300.0,SALARIO MOTORISTA,97ad475571fa43128b59e86abdbc9cf3
1886a2d5881180dd8582e696917c3417,Paulo Sergio ,2025-04-30,3300.0,SALARIO MOTORISTA,809e3a0391cb4d44a91d360e71c9cc12
1886a2d5881180ec851aed0bb76f57ff,José Helio,2025-04-30,3300.0,SALARIO MOTORISTA,97ad475571fa43128b59e86abdbc9cf3
1886a2d5881180629695dd37b63e4d03,Paulo Sergio ,2025-03-31,3000.0,SALARIO MOTORISTA,809e3a0391cb4d44a91d360e71c9cc12
1886a2d588118044b0dac58ead9891c3,José Helio,2025-03-31,3000.0,SALARIO MOTORISTA,97ad475571fa43128b59e86abdbc9cf3
1886a2d588118056bbbbd59f3941556a,Paulo Sergio ,2025-02-28,3000.0,SALARIO MOTORISTA,809e3a0391cb4d44a91d360e71c9cc12
1886a2d5881180fa87b4cd950a0d4214,José Helio,2025-02-28,3000.0,SALARIO MOTORISTA,97ad475571fa43128b59e86abdbc9cf3
1886a2d588118089bc44f55b20ac274c,Paulo Sergio ,2025-01-31,3000.0,SALARIO MOTORISTA,809e3a0391cb4d44a91d360e71c9cc12
1886a2d58811803d878ddff3de0c1723,José Helio,2025-01-31,3000.0,SALARIO MOTORISTA,97ad475571fa43128b59e86abdbc9cf3
1886a2d58811807c9ed2fa88bf8ab4ac,Carlos Alberto,2025-12-31,2000.0,ADMINISTRADOR,809e3a0391cb4d44a91d360e71c9cc12
1886a2d5881180d6888afec3104aeae2,Carlos Alberto ,2025-12-31,2000.0,ADMINISTRADOR,97ad475571fa43128b59e86abdbc9cf3
1886a2d58811808cb399e563319ec479,Carlos Alberto,2025-11-30,2000.0,ADMINISTRADOR,809e3a0391cb4d44a91d360e71c9cc12
1886a2d588118037932dcfe9c1b4af26,Carlos Alberto ,2025-11-30,2000.0,ADMINISTRADOR,97ad475571fa43128b59e86abdbc9cf3
1886a2d58811800dbf5cc31332b3b64b,Carlos Alberto,2025-10-31,2000.0,ADMINISTRADOR,809e3a0391cb4d44a91d360e71c9cc12
1886a2d588118077818fe6a6309eaacb,Carlos Alberto ,2025-10-31,2000.0,ADMINISTRADOR,97ad475571fa43128b59e86abdbc9cf3
1886a2d588118069a92ad8a444e08ab1,Carlos Alberto,2025-09-30,2000.0,ADMINISTRADOR,809e3a0391cb4d44a91d360e71c9cc12
1886a2d5881180aeb4e7c01a2c5b04e3,Carlos Alberto ,2025-09-30,2000.0,ADMINISTRADOR,97ad475571fa43128b59e86abdbc9cf3
1886a2d58811803096cbdaecc14d60ee,Carlos Alberto ,2025-08-31,2000.0,ADMINISTRADOR,97ad475571fa43128b59e86abdbc9cf3
1886a2d58811804c88a6f094612375c6,Carlos Alberto,2025-08-31,2000.0,ADMINISTRADOR,809e3a0391cb4d44a91d360e71c9cc12
1886a2d5881180e493bfe4dd7df4fda4,Carlos Alberto,2025-07-31,2000.0,ADMINISTRADOR,809e3a0391cb4d44a91d360e71c9cc12
1886a2d5881180d7addee0b786c288e9,Carlos Alberto ,2025-07-31,2000.0,ADMINISTRADOR,97ad475571fa43128b59e86abdbc9cf3
1886a2d58811806c8dfedb3a3ae90ccc,Carlos Alberto,2025-06-30,2000.0,ADMINISTRADOR,809e3a0391cb4d44a91d360e71c9cc12
1886a2d58811803fbb66ee21e1ee2752,Carlos Alberto ,2025-06-30,2000.0,ADMINISTRADOR,97ad475571fa43128b59e86abdbc9cf3
1886a2d588118058a2f8ee4d24a15ab0,Carlos Alberto ,2025-05-31,2000.0,ADMINISTRADOR,97ad475571fa43128b59e86abdbc9cf3
1886a2d5881180659729c2c1e86fadcc,Carlos Alberto,2025-05-31,2000.0,ADMINISTRADOR,809e3a0391cb4d44a91d360e71c9cc12
1886a2d588118071867fdfef1db9277f,Carlos Alberto,2025-04-30,2000.0,ADMINISTRADOR,809e3a0391cb4d44a91d360e71c9cc12
1886a2d58811805ba054dd852495f2af,Carlos Alberto ,2025-04-30,2000.0,ADMINISTRADOR,97ad475571fa43128b59e86abdbc9cf3
1886a2d5881180cf9632c1acab3c2b91,Carlos Alberto,2025-03-31,2000.0,ADMINISTRADOR,809e3a0391cb4d44a91d360e71c9cc12
1886a2d5881180988f7fc550cd3686ec,Carlos Alberto ,2025-03-31,2000.0,ADMINISTRADOR,97ad475571fa43128b59e86abdbc9cf3
1886a2d5881180229827f25361d0864b,Carlos Alberto,2025-02-28,2000.0,ADMINISTRADOR,809e3a0391cb4d44a91d360e71c9cc12
1886a2d588118036953dd043a7075485,Carlos Alberto ,2025-02-28,2000.0,ADMINISTRADOR,97ad475571fa43128b59e86abdbc9cf3
1886a2d58811800eaa57c4e8d1f2be36,Carlos Alberto,2025-01-31,2000.0,ADMINISTRADOR,809e3a0391cb4d44a91d360e71c9cc12
1886a2d58811802db8b8e143b343913c,Carlos Alberto ,2025-01-31,2000.0,ADMINISTRADOR,97ad475571fa43128b59e86abdbc9cf3
1846a2d5881180e9aa74eb7c9531969a,Sascar,2025-01-20,526.47,SASCAR RASTREAMENTO,809e3a0391cb4d44a91d360e71c9cc12
1846a2d5881180b08aa5c1b7e42a1b08,Sascar,2025-01-20,526.47,SASCAR RASTREAMENTO,97ad475571fa43128b59e86abdbc9cf3
1846a2d5881180f298eae2f76ba8c3d1,Brasil Transportes,2025-01-12,3560.0,SEGURO,97ad475571fa43128b59e86abdbc9cf3
1846a2d5881180de8203ce88a465f27a,Sem Parar,2025-01-10,52.9,PEDAGIO,97ad475571fa43128b59e86abdbc9cf3
1846a2d5881180589929cc6952a2506a,Sem Parar,2025-01-10,750.98,PEDAGIO,809e3a0391cb4d44a91d360e71c9cc12
1766a2d58811805b81a7cf95579a031b,Geraldo Baú,2025-01-08,200.0,MANUTENCAO,809e3a0391cb4d44a91d360e71c9cc12
1766a2d5881180c49c86c66de7029a8d,Lava jato Rota 79,2025-01-07,280.0,LAVAGEM,809e3a0391cb4d44a91d360e71c9cc12
1766a2d5881180aa9cf7e1f99fd58f44,Lava jato Rota 79,2025-01-07,280.0,LAVAGEM,97ad475571fa43128b59e86abdbc9cf3
1766a2d58811808198a9c9e4277080cd,Brasil Transportes,2025-01-06,885.0,SEGURO,809e3a0391cb4d44a91d360e71c9cc12
1766a2d5881180b59e74e4ac3b5f7299,Sergipe Madeiras,2025-01-03,380.0,DIVERSOS,809e3a0391cb4d44a91d360e71c9cc12
1716a2d58811806c9734db3e4ec696da,Paulo Sergio,2024-12-31,2750.0,13 SALARIO,809e3a0391cb4d44a91d360e71c9cc12
1666a2d58811801dbe54fa241cbcd5e1,Brasil Transportes - RRD0G20,2024-12-24,747.0,SEGURO,809e3a0391cb4d44a91d360e71c9cc12
1666a2d5881180cf8045f137e753a809,Carregamento,2024-12-19,121.0,DIVERSOS,809e3a0391cb4d44a91d360e71c9cc12
1666a2d5881180af9cdfd119dd952a0d,Sascar,2024-12-20,526.47,SASCAR RASTREAMENTO,97ad475571fa43128b59e86abdbc9cf3
1666a2d588118011bebac8fd27506c30,Sascar,2024-12-20,526.47,SASCAR RASTREAMENTO,809e3a0391cb4d44a91d360e71c9cc12
1666a2d58811808e8302e98991b8b61f,Simflora,2024-12-18,500.0,DIVERSOS,97ad475571fa43128b59e86abdbc9cf3
1666a2d58811801594fdcba6e417140d,Detetização,2024-12-18,60.0,DIVERSOS,809e3a0391cb4d44a91d360e71c9cc12
1666a2d5881180a1a80bc6479d6537e5,Brasil Transportes,2024-12-12,3560.0,SEGURO,97ad475571fa43128b59e86abdbc9cf3
1666a2d5881180beba98e94b926c2ee9,Sem Parar,2024-12-10,1650.58,PEDAGIO,809e3a0391cb4d44a91d360e71c9cc12
1666a2d58811805b867bfb72dfa193d4,Sem Parar,2024-12-10,1861.03,PEDAGIO,97ad475571fa43128b59e86abdbc9cf3
1606a2d5881180f09797c0286d8f040f,José Helio,2024-11-30,3000.0,SALARIO MOTORISTA,97ad475571fa43128b59e86abdbc9cf3
1606a2d5881180a19b6adee13e900457,Carlos Alberto,2024-11-30,2000.0,ADMINISTRADOR,97ad475571fa43128b59e86abdbc9cf3
1606a2d5881180ea8b3ef21bd026b8c0,José Helio,2024-12-31,3000.0,SALARIO MOTORISTA,97ad475571fa43128b59e86abdbc9cf3
1606a2d5881180dd89d7edda441ca785,Carlos Alberto ,2024-12-31,2000.0,ADMINISTRADOR,97ad475571fa43128b59e86abdbc9cf3
1606a2d5881180da82bfcc4f0ed59e19,Paulo Sergio ,2024-12-31,3000.0,SALARIO MOTORISTA,809e3a0391cb4d44a91d360e71c9cc12
1606a2d58811808188c0c1bbfad637e6,Carlos Alberto,2024-11-30,2000.0,ADMINISTRADOR,809e3a0391cb4d44a91d360e71c9cc12
1606a2d5881180178207cfea260ec13b,Scania Latim Americana,2024-11-25,2442.41,PLANO MANUTENCAO,809e3a0391cb4d44a91d360e71c9cc12
1606a2d5881180199f2ce30e7bfba519,Carlos Alberto,2024-12-31,2000.0,ADMINISTRADOR,809e3a0391cb4d44a91d360e71c9cc12
1606a2d5881180588f10d7335242a620,Carlos Alberto,2024-10-31,2000.0,ADMINISTRADOR,809e3a0391cb4d44a91d360e71c9cc12
1606a2d5881180908cc9ca8c56f8d146,Paulo Sergio ,2024-11-30,3000.0,SALARIO MOTORISTA,809e3a0391cb4d44a91d360e71c9cc12
1606a2d58811803eb35ef9db2b542b6a,Paulo Sergio ,2024-10-31,3000.0,SALARIO MOTORISTA,809e3a0391cb4d44a91d360e71c9cc12
1606a2d5881180cfaa1cd9ce7dbcf0b0,Sascar,2024-09-21,545.93,SASCAR RASTREAMENTO,809e3a0391cb4d44a91d360e71c9cc12
1576a2d58811806c8929dda0d4797417,Detetização,2024-12-04,60.0,DIVERSOS,97ad475571fa43128b59e86abdbc9cf3
1576a2d5881180a4a33cd225a9dcb7bb,Brasil Transportes,2024-11-29,885.0,SEGURO,809e3a0391cb4d44a91d360e71c9cc12
1486a2d5881180a4b996ff6cd57a9af3,Brasil Transportes,2024-11-24,747.0,SEGURO,97ad475571fa43128b59e86abdbc9cf3
1466a2d588118030a9aafd22065db25f,ADM ,2024-10-31,2000.0,ADMINISTRADOR,97ad475571fa43128b59e86abdbc9cf3
1466a2d5881180ffa4cad72de052ac61,Helio Amorim,2024-10-31,3000.0,SALARIO MOTORISTA,97ad475571fa43128b59e86abdbc9cf3
1466a2d5881180d99ae0e52d5484418a,ADM ,2024-09-30,2000.0,ADMINISTRADOR,97ad475571fa43128b59e86abdbc9cf3
1436a2d5881180dab850c20816aaf04b,Sascar,2024-11-20,526.47,SASCAR RASTREAMENTO,809e3a0391cb4d44a91d360e71c9cc12
1436a2d588118002a709c2e7a957fe55,Sascar,2024-11-20,526.47,SASCAR RASTREAMENTO,97ad475571fa43128b59e86abdbc9cf3
1426a2d5881180828a32d96eb832f8fc,Brasil Transportes,2024-11-12,3560.0,SEGURO,97ad475571fa43128b59e86abdbc9cf3
1426a2d588118085b196cbbe4f6a6415,Sem Parar,2024-11-10,2324.48,PEDAGIO,809e3a0391cb4d44a91d360e71c9cc12
1426a2d5881180f7b0a0c6fbb927cd58,Sem Parar,2024-11-10,501.93,PEDAGIO,97ad475571fa43128b59e86abdbc9cf3
1316a2d5881180f8acebe65eaa2e097b,DUA/DETRAN,2024-11-04,7356.17,DETRAN,809e3a0391cb4d44a91d360e71c9cc12
1316a2d588118034998cda1dce3722f0,Brasil Transportes 10/10,2024-10-31,4097.7,SEGURO,809e3a0391cb4d44a91d360e71c9cc12
1316a2d5881180c08b41c8efd4a84947,Brasil Transportes,2024-10-31,885.0,SEGURO,809e3a0391cb4d44a91d360e71c9cc12
12a6a2d588118027acbedc76eb92538f,Brasil Transportes / Carreta,2024-10-24,747.0,SEGURO,97ad475571fa43128b59e86abdbc9cf3
1246a2d5881180eab1cce0c54fe37c3b,Sascar,2024-10-21,545.93,SASCAR RASTREAMENTO,97ad475571fa43128b59e86abdbc9cf3
1246a2d588118079b836f8a4fe9190c4,Sascar,2024-10-21,545.93,SASCAR RASTREAMENTO,809e3a0391cb4d44a91d360e71c9cc12
1246a2d5881180549ddaf8c2c0fc3352,Scania Latin America,2024-10-25,2594.8,PLANO MANUTENCAO,809e3a0391cb4d44a91d360e71c9cc12
1246a2d588118019b065e33bfe3a5638,Scania Latin America,2024-09-25,2070.17,PLANO MANUTENCAO,809e3a0391cb4d44a91d360e71c9cc12
1216a2d5881180959583c5220ee2b245,Brasil Transportes/ Cavalo,2024-10-17,3560.0,SEGURO,97ad475571fa43128b59e86abdbc9cf3
1216a2d5881180828bb6d5ed5c9725e7,Posto Convel,2024-09-01,89.0,DIVERSOS,809e3a0391cb4d44a91d360e71c9cc12
1216a2d58811808a993df71cde8b3c7c,Borracharia GJ ,2024-09-01,300.0,BORRACHARIA,97ad475571fa43128b59e86abdbc9cf3
1216a2d5881180d6a7d8f21808a9e53c,Brasil Transportes  Carreta,2024-09-24,747.0,SEGURO,97ad475571fa43128b59e86abdbc9cf3
1216a2d58811808ca8d2dbd2ff9fa9aa,Brasil Transportes Cavalo,2024-09-12,3560.0,SEGURO,97ad475571fa43128b59e86abdbc9cf3
1216a2d588118002863cc3c118674f58,Jhon Admo,2024-09-30,3000.0,SALARIO MOTORISTA,97ad475571fa43128b59e86abdbc9cf3
11c6a2d5881180629941f7549b1b15a4,Sem Parar,2024-10-10,2675.18,PEDAGIO,809e3a0391cb4d44a91d360e71c9cc12
10f6a2d5881180d0961cf0283f7ba641,Borracharia JG,2024-09-28,300.0,BORRACHARIA,97ad475571fa43128b59e86abdbc9cf3
10c6a2d5881180eeb1d9cf2fa2f89be9,Carlos Alberto,2024-09-30,2000.0,ADMINISTRADOR,809e3a0391cb4d44a91d360e71c9cc12
10c6a2d5881180dd840ac7249f4514a4,Brasil transportes / Carreta,2024-09-30,885.0,SEGURO,809e3a0391cb4d44a91d360e71c9cc12
10c6a2d5881180f084bcde9477624d97,Brasil trasportes Cavalo,2024-09-30,4097.7,SEGURO,809e3a0391cb4d44a91d360e71c9cc12
10c6a2d5881180f4a348e0ffc7bdf231,Sem Parar,2024-09-10,1381.33,PEDAGIO,809e3a0391cb4d44a91d360e71c9cc12
10c6a2d58811802ebed0dcecb143b034,Paulo Sergio,2024-09-30,3000.0,SALARIO MOTORISTA,809e3a0391cb4d44a91d360e71c9cc12
1056a2d588118090a9bdc3aead4a3984,Emplacamento / bau,2024-08-06,1285.0,DIVERSOS,97ad475571fa43128b59e86abdbc9cf3
1056a2d588118092b043d10c09495d54,Capotaria Ubauba,2024-09-30,1800.0,MANUTENCAO,97ad475571fa43128b59e86abdbc9cf3
1056a2d588118037a751d38dcc6ed6ac,Molas,2024-08-31,5500.0,MANUTENCAO,97ad475571fa43128b59e86abdbc9cf3
1056a2d5881180d4ab84ef6b0854a8ea,Emplacamento/ Cavalo,2024-08-06,7645.0,DIVERSOS,97ad475571fa43128b59e86abdbc9cf3
1056a2d588118009aff0fdb68771e13e,Jonh Adamo,2024-08-31,1500.0,SALARIO MOTORISTA,97ad475571fa43128b59e86abdbc9cf3
1056a2d58811809090dff4820639ccbf,ABC Cargas/ Taxa Retirada,2024-08-19,2115.0,DIVERSOS,97ad475571fa43128b59e86abdbc9cf3
1056a2d5881180838bd2cf3d85b10258,Carlinhos Torneiro,2024-09-13,1750.0,MECANICO,97ad475571fa43128b59e86abdbc9cf3
66a41fea50a74b33a8061e969bf76ae1,Alan Moleiro: Molas,2024-09-13,2350.0,MECANICO,97ad475571fa43128b59e86abdbc9cf3
76ad7f247fb7432a87675a66899209d3,Manrik,2024-08-31,300.0,MECANICO,809e3a0391cb4d44a91d360e71c9cc12
8d2d06281d9b408990272b5c4865a6e5,Brasil trasportes/ Carreta,2024-08-30,885.0,SEGURO,809e3a0391cb4d44a91d360e71c9cc12
3fa26ef206b04265804e37a2be0629c1,Brasil Trasportes/ Cavalo ,2024-08-30,4097.7,SEGURO,809e3a0391cb4d44a91d360e71c9cc12
38129b5d5e15487e81b4d3d62ad79d73,Sascar,2024-08-30,522.0,SASCAR RASTREAMENTO,809e3a0391cb4d44a91d360e71c9cc12
b7666878001441d4bedfe722477ff77b,Scania latin Ameriana,2024-08-26,1632.19,PLANO MANUTENCAO,809e3a0391cb4d44a91d360e71c9cc12
61f84ee28b9f457dbafbfc2b25945d44,Carlos Alberto,2024-07-31,2000.0,ADMINISTRADOR,809e3a0391cb4d44a91d360e71c9cc12
fe2886a07b8b4f9dab478afa381e2ba9,Paulo Sergio,2024-08-31,3000.0,SALARIO MOTORISTA,809e3a0391cb4d44a91d360e71c9cc12
a2e4ef3de53240cb81383389082e9cbd,Sem Parar,2024-07-29,1241.12,PEDAGIO,809e3a0391cb4d44a91d360e71c9cc12
d26b7e42c5ce487094c77e469c75f89c,Brasil Transportes,2024-05-31,3990.0,SEGURO,809e3a0391cb4d44a91d360e71c9cc12
548e6e1e10364105843fdfd6a721cf1a,Paulo Sergio,2024-07-31,3000.0,SALARIO MOTORISTA,809e3a0391cb4d44a91d360e71c9cc12
c82a01a56947475e89405fff1082235e,Scania Latin Americana,2024-06-25,2521.67,PLANO MANUTENCAO,809e3a0391cb4d44a91d360e71c9cc12
e53774ae9c0045ae9af6452058742747,Sem Parar,2024-07-31,1382.0,PEDAGIO,809e3a0391cb4d44a91d360e71c9cc12
38f03638bc6249c0bce5583644e2e5f3,Sem Parar,2024-06-30,1240.0,PEDAGIO,809e3a0391cb4d44a91d360e71c9cc12
be11e880790e417c8e53507ca688e673,Sem Parar,2024-08-20,1475.34,PEDAGIO,809e3a0391cb4d44a91d360e71c9cc12
f6514080699e47d8b3c76b1dbfbb7b6b,Carlos Alberto,2024-05-31,2000.0,ADMINISTRADOR,809e3a0391cb4d44a91d360e71c9cc12
231ab96def664a0bbb04a3a4504d38af,Carlos Alberto,2024-06-30,2000.0,ADMINISTRADOR,809e3a0391cb4d44a91d360e71c9cc12
7e04312adc104d3a8f3508eeb4472ceb,Carlos Alberto,2024-08-31,2000.0,ADMINISTRADOR,809e3a0391cb4d44a91d360e71c9cc12
7268ff53017a448c920786b07a9fd6d2,Brasil trasportes,2024-07-27,885.0,SEGURO,809e3a0391cb4d44a91d360e71c9cc12
9df0b6ba75d9424d90f974b722125027,Paulo Sergio,2024-06-30,3000.0,SALARIO MOTORISTA,809e3a0391cb4d44a91d360e71c9cc12
f9a2f8f2cce64770b095a965bfd9443e,Brasil Trasportes,2024-06-29,4097.0,SEGURO,809e3a0391cb4d44a91d360e71c9cc12
6c95951be3c6425a8cbe8e05244597e7,Sascar,2024-06-30,522.0,SASCAR RASTREAMENTO,809e3a0391cb4d44a91d360e71c9cc12
7af9c8b75bf34ca0bfb2f4007843e368,Brasil Trasportes,2024-06-29,885.0,SEGURO,809e3a0391cb4d44a91d360e71c9cc12
1ce452dad2374bfcb1aa006b2e2b3618,Sascar,2024-04-20,500.0,SASCAR RASTREAMENTO,809e3a0391cb4d44a91d360e71c9cc12
e1e67de900f042f6be7c142f1d84e052,Brasil  Transportes,2024-07-27,4047.0,SEGURO,809e3a0391cb4d44a91d360e71c9cc12
8b08b65024754ca19dd1b0cafee74c5c,Sascar ,2024-07-20,522.0,SASCAR RASTREAMENTO,809e3a0391cb4d44a91d360e71c9cc12
2478ab2408424fb698b4b04386ea0d5a,Scania Latim Americana,2024-07-25,2289.1,PLANO MANUTENCAO,809e3a0391cb4d44a91d360e71c9cc12
cf03d7f400d44bf48406b64af4e65364,Sascar ,2024-05-31,533.0,SASCAR RASTREAMENTO,809e3a0391cb4d44a91d360e71c9cc12
9a59c7667fce4f7ba4b9eee0900d3fc0,Paulo Sergio,2024-05-31,3000.0,SALARIO MOTORISTA,809e3a0391cb4d44a91d360e71c9cc12
ad0ceb5a89314312a3d3d0013a9993e3,Brasil Trasportes,2024-05-01,885.0,SEGURO,809e3a0391cb4d44a91d360e71c9cc12
80e0ceec0e0144a2bb758601e680f687,Brasil Trasportes,2024-04-01,4097.0,SEGURO,809e3a0391cb4d44a91d360e71c9cc12
2d38a201a9ca4d7fb34662bd1920b1e9,Brasil Trasportes,2024-05-01,4097.0,SEGURO,809e3a0391cb4d44a91d360e71c9cc12
d8efd873597b405abf951aa31f9cdfc4,Paulo Sergio,2024-04-30,3000.0,SALARIO MOTORISTA,809e3a0391cb4d44a91d360e71c9cc12
8a7d38721b6b4e579802e9be855adf43,Sem parar/ Pedagio,2024-04-10,1741.0,PEDAGIO,809e3a0391cb4d44a91d360e71c9cc12
db6fc5749cb546e18686bbbe22c5ab50,Cicero molas,2024-04-24,2010.0,MANUTENCAO,809e3a0391cb4d44a91d360e71c9cc12
438656c830104bde9577a05feb8af40b,Carlinhos Torneiro,2024-04-24,1400.0,MANUTENCAO,809e3a0391cb4d44a91d360e71c9cc12
c6181b486e31406785a066796c3bb903,Brasil transportes,2024-04-29,885.0,SEGURO,809e3a0391cb4d44a91d360e71c9cc12
710c81ac188b4dceb687cb463e3df53c,sascar,2024-03-01,464.85,SASCAR RASTREAMENTO,809e3a0391cb4d44a91d360e71c9cc12
7880f037010443d4b2a86ce76a48fa52,Molas/ Arquiamento Báu,2024-04-14,5500.0,MANUTENCAO,809e3a0391cb4d44a91d360e71c9cc12
3f3f906e1cb0455ebbfbf6ea5525818f,Sascar,2024-03-31,1315.57,SASCAR RASTREAMENTO,809e3a0391cb4d44a91d360e71c9cc12
685466097d144744b18d54f284e681e7,Paulo Sergio,2024-03-31,3000.0,SALARIO MOTORISTA,809e3a0391cb4d44a91d360e71c9cc12
b8604866886a47d783cf8af98785a5f7,Brasil Transportes,2024-03-01,4097.0,SEGURO,809e3a0391cb4d44a91d360e71c9cc12
abad705fe2ae4c319a3a6bf33b3cc231,Brasil trasnportes,2024-02-01,4097.0,SEGURO,809e3a0391cb4d44a91d360e71c9cc12
f874fc674fc44768ac1afadcdb1a031d,Paulo Sergio,2024-01-31,2900.0,SALARIO MOTORISTA,809e3a0391cb4d44a91d360e71c9cc12
dbe4ba1e3f7d4ad3a1983fcf719df172,Sascar,2024-02-22,967.9,SASCAR RASTREAMENTO,809e3a0391cb4d44a91d360e71c9cc12
